Channel_Used,Acquisition_Cost,Conversion_Rate,ROI
Twitter,7774.121679503838,0.08036328077907116,4.00223621287825
Pinterest,7769.738762686129,0.08004222050558057,0.7164312552725379
Facebook,7745.022815576605,0.07987001756159864,3.9869295141291046
Instagram,7726.252813011811,0.0797643173859203,4.008785901652441
